"","data_id","treat","age","educ","black","hisp","marr","nodegree","re74","re75","re78","earning_log"
"1","Dehejia-Wahba Sample",1,37,11,1,0,1,1,0,0,9930.0458984375,9.20342107862639
"2","Dehejia-Wahba Sample",1,22,9,0,1,0,1,0,0,3595.89404296875,8.18782598620553
"3","Dehejia-Wahba Sample",1,30,12,1,0,0,0,0,0,24909.44921875,10.1230426417648
"4","Dehejia-Wahba Sample",1,27,11,1,0,0,1,0,0,7506.14599609375,8.92361064537826
"5","Dehejia-Wahba Sample",1,33,8,1,0,0,1,0,0,289.789886474609,5.6726009667692
"6","Dehejia-Wahba Sample",1,22,9,1,0,0,1,0,0,4056.49389648438,8.30832079513238
"7","Dehejia-Wahba Sample",1,23,12,1,0,0,0,0,0,0,0
"8","Dehejia-Wahba Sample",1,32,11,1,0,0,1,0,0,8472.158203125,9.04465858746579
"9","Dehejia-Wahba Sample",1,22,16,1,0,0,0,0,0,2164.02197265625,7.680185789418
"10","Dehejia-Wahba Sample",1,33,12,0,0,1,0,0,0,12418.0703125,9.42698849861974
"11","Dehejia-Wahba Sample",1,19,9,1,0,0,1,0,0,8173.908203125,9.00882476672687
"12","Dehejia-Wahba Sample",1,21,13,1,0,0,0,0,0,17094.640625,9.74657877577897
"13","Dehejia-Wahba Sample",1,18,8,1,0,0,1,0,0,0,0
"14","Dehejia-Wahba Sample",1,27,10,1,0,1,1,0,0,18739.9296875,9.83846516435378
"15","Dehejia-Wahba Sample",1,17,7,1,0,0,1,0,0,3023.87890625,8.01462633867195
"16","Dehejia-Wahba Sample",1,19,10,1,0,0,1,0,0,3228.5029296875,8.08008351263654
"17","Dehejia-Wahba Sample",1,27,13,1,0,0,0,0,0,14581.8603515625,9.58760216955597
"18","Dehejia-Wahba Sample",1,23,10,1,0,0,1,0,0,7693.39990234375,8.94824805783154
"19","Dehejia-Wahba Sample",1,40,12,1,0,0,0,0,0,10804.3203125,9.28779391334194
"20","Dehejia-Wahba Sample",1,26,12,1,0,0,0,0,0,10747.349609375,9.28250749706038
"21","Dehejia-Wahba Sample",1,23,11,1,0,0,1,0,0,0,0
"22","Dehejia-Wahba Sample",1,41,14,0,0,0,0,0,0,5149.5009765625,8.54684926592911
"23","Dehejia-Wahba Sample",1,38,9,0,0,0,1,0,0,6408.9501953125,8.76560678004249
"24","Dehejia-Wahba Sample",1,24,11,1,0,0,1,0,0,1991.40002441406,7.59709523345272
"25","Dehejia-Wahba Sample",1,18,10,1,0,0,1,0,0,11163.169921875,9.32046481505946
"26","Dehejia-Wahba Sample",1,29,11,1,0,1,1,0,0,9642.9990234375,9.17409113803991
"27","Dehejia-Wahba Sample",1,25,11,1,0,0,1,0,0,9897.048828125,9.20009292863009
"28","Dehejia-Wahba Sample",1,27,10,0,1,0,1,0,0,11142.8701171875,9.31864486043726
"29","Dehejia-Wahba Sample",1,17,10,1,0,0,1,0,0,16218.0400390625,9.69394114213638
"30","Dehejia-Wahba Sample",1,24,11,1,0,0,1,0,0,995.7001953125,6.90445001793256
"31","Dehejia-Wahba Sample",1,17,10,1,0,0,1,0,0,0,0
"32","Dehejia-Wahba Sample",1,48,4,1,0,0,1,0,0,6551.591796875,8.78761594454239
"33","Dehejia-Wahba Sample",1,25,11,1,0,1,1,0,0,1574.42395019531,7.3622796897659
"34","Dehejia-Wahba Sample",1,20,12,1,0,0,0,0,0,0,0
"35","Dehejia-Wahba Sample",1,25,12,1,0,0,0,0,0,3191.7529296875,8.06863881098225
"36","Dehejia-Wahba Sample",1,42,14,1,0,0,0,0,0,20505.9296875,9.92851814154262
"37","Dehejia-Wahba Sample",1,25,5,1,0,0,1,0,0,6181.8798828125,8.72953944236234
"38","Dehejia-Wahba Sample",1,23,12,1,0,1,0,0,0,5911.55078125,8.68483262155823
"39","Dehejia-Wahba Sample",1,46,8,1,0,1,1,0,0,3094.15600585938,8.03759358961876
"40","Dehejia-Wahba Sample",1,24,10,1,0,0,1,0,0,0,0
"41","Dehejia-Wahba Sample",1,21,12,1,0,0,0,0,0,1254.58203125,7.13535451397817
"42","Dehejia-Wahba Sample",1,19,9,0,0,0,1,0,0,13188.830078125,9.48720136299949
"43","Dehejia-Wahba Sample",1,17,8,1,0,0,1,0,0,8061.48486328125,8.99497708367979
"44","Dehejia-Wahba Sample",1,18,8,0,1,1,1,0,0,2787.9599609375,7.93342403146044
"45","Dehejia-Wahba Sample",1,20,11,1,0,0,1,0,0,3972.5400390625,8.28741267385205
"46","Dehejia-Wahba Sample",1,25,11,1,0,1,1,0,0,0,0
"47","Dehejia-Wahba Sample",1,17,8,1,0,0,1,0,0,0,0
"48","Dehejia-Wahba Sample",1,17,9,1,0,0,1,0,0,0,0
"49","Dehejia-Wahba Sample",1,25,5,1,0,0,1,0,0,12187.41015625,9.40824079200491
"50","Dehejia-Wahba Sample",1,23,12,1,0,0,0,0,0,4843.17578125,8.4855323924642
"51","Dehejia-Wahba Sample",1,28,8,1,0,0,1,0,0,0,0
"52","Dehejia-Wahba Sample",1,31,11,1,0,1,1,0,0,8087.48681640625,8.99819694885017
"53","Dehejia-Wahba Sample",1,18,11,1,0,0,1,0,0,0,0
"54","Dehejia-Wahba Sample",1,25,12,1,0,0,0,0,0,2348.97290039062,7.76215907532304
"55","Dehejia-Wahba Sample",1,30,11,1,0,1,1,0,0,590.781799316406,6.38313798470508
"56","Dehejia-Wahba Sample",1,17,10,1,0,0,1,0,0,0,0
"57","Dehejia-Wahba Sample",1,37,9,1,0,0,1,0,0,1067.50598144531,6.97401667272698
"58","Dehejia-Wahba Sample",1,41,4,1,0,1,1,0,0,7284.98583984375,8.89370803409198
"59","Dehejia-Wahba Sample",1,42,14,1,0,1,0,0,0,13167.51953125,9.48558437621283
"60","Dehejia-Wahba Sample",1,22,11,0,0,0,1,0,0,1048.43200683594,6.95600435091703
"61","Dehejia-Wahba Sample",1,17,8,1,0,0,1,0,0,0,0
"62","Dehejia-Wahba Sample",1,29,8,1,0,0,1,0,0,1923.93798828125,7.56264903232314
"63","Dehejia-Wahba Sample",1,35,10,1,0,0,1,0,0,4666.23583984375,8.44832227817288
"64","Dehejia-Wahba Sample",1,27,11,1,0,0,1,0,0,549.298400878906,6.31046067815363
"65","Dehejia-Wahba Sample",1,29,4,1,0,0,1,0,0,762.914611816406,6.63845601828218
"66","Dehejia-Wahba Sample",1,28,9,1,0,0,1,0,0,10694.2900390625,9.27755874027572
"67","Dehejia-Wahba Sample",1,27,11,1,0,0,1,0,0,0,0
"68","Dehejia-Wahba Sample",1,23,7,0,0,0,1,0,0,0,0
"69","Dehejia-Wahba Sample",1,45,5,1,0,1,1,0,0,8546.71484375,9.05341925647104
"70","Dehejia-Wahba Sample",1,29,13,1,0,0,0,0,0,7479.65576171875,8.92007573580483
"71","Dehejia-Wahba Sample",1,27,9,1,0,0,1,0,0,0,0
"72","Dehejia-Wahba Sample",1,46,13,1,0,0,0,0,0,647.20458984375,6.47420637158912
"73","Dehejia-Wahba Sample",1,18,6,1,0,0,1,0,0,0,0
"74","Dehejia-Wahba Sample",1,25,12,1,0,0,0,0,0,11965.8095703125,9.3898922275458
"75","Dehejia-Wahba Sample",1,28,15,1,0,0,0,0,0,9598.541015625,9.16947056544056
"76","Dehejia-Wahba Sample",1,25,11,0,0,0,1,0,0,18783.349609375,9.84077933453804
"77","Dehejia-Wahba Sample",1,22,12,1,0,0,0,0,0,18678.080078125,9.83515946421714
"78","Dehejia-Wahba Sample",1,21,9,1,0,0,1,0,0,0,0
"79","Dehejia-Wahba Sample",1,40,11,1,0,0,1,0,0,23005.599609375,10.0435363932901
"80","Dehejia-Wahba Sample",1,22,11,1,0,0,1,0,0,6456.69677734375,8.77302799718767
"81","Dehejia-Wahba Sample",1,25,12,1,0,0,0,0,0,0,0
"82","Dehejia-Wahba Sample",1,18,12,1,0,0,0,0,0,2321.10693359375,7.75023021356342
"83","Dehejia-Wahba Sample",1,38,12,0,0,0,0,0,0,4941.84912109375,8.50569718908908
"84","Dehejia-Wahba Sample",1,27,13,1,0,0,0,0,0,0,0
"85","Dehejia-Wahba Sample",1,27,8,1,0,0,1,0,0,0,0
"86","Dehejia-Wahba Sample",1,38,11,1,0,0,1,0,0,0,0
"87","Dehejia-Wahba Sample",1,23,8,0,1,0,1,0,0,3881.28393554688,8.26417890261706
"88","Dehejia-Wahba Sample",1,26,11,1,0,0,1,0,0,17230.9609375,9.75452113253543
"89","Dehejia-Wahba Sample",1,21,12,0,0,0,0,0,0,8048.60302734375,8.99337805582322
"90","Dehejia-Wahba Sample",1,25,8,1,0,0,1,0,0,0,0
"91","Dehejia-Wahba Sample",1,31,11,1,0,1,1,0,0,14509.9296875,9.58265741601729
"92","Dehejia-Wahba Sample",1,17,10,1,0,0,1,0,0,0,0
"93","Dehejia-Wahba Sample",1,25,11,1,0,0,1,0,0,0,0
"94","Dehejia-Wahba Sample",1,21,12,1,0,0,0,0,0,9983.7841796875,9.20881763116339
"95","Dehejia-Wahba Sample",1,44,11,1,0,0,1,0,0,0,0
"96","Dehejia-Wahba Sample",1,25,12,0,0,0,0,0,0,5587.5029296875,8.62846671806057
"97","Dehejia-Wahba Sample",1,18,9,1,0,0,1,0,0,4482.84521484375,8.40823626415908
"98","Dehejia-Wahba Sample",1,42,12,1,0,0,0,0,0,2456.15307617188,7.80675867264474
"99","Dehejia-Wahba Sample",1,25,10,1,0,0,1,0,0,0,0
"100","Dehejia-Wahba Sample",1,31,9,0,1,0,1,0,0,26817.599609375,10.1968509410569
"101","Dehejia-Wahba Sample",1,24,10,1,0,0,1,0,0,0,0
"102","Dehejia-Wahba Sample",1,26,10,1,0,0,1,0,0,9265.7880859375,9.13419211372379
"103","Dehejia-Wahba Sample",1,25,11,1,0,0,1,0,0,485.229797363281,6.18668134623051
"104","Dehejia-Wahba Sample",1,18,11,1,0,0,1,0,0,4814.626953125,8.47962152408919
"105","Dehejia-Wahba Sample",1,19,11,1,0,0,1,0,0,7458.10498046875,8.91719071019165
"106","Dehejia-Wahba Sample",1,43,9,1,0,0,1,0,0,0,0
"107","Dehejia-Wahba Sample",1,27,13,1,0,0,0,0,0,34099.28125,10.4370609110382
"108","Dehejia-Wahba Sample",1,17,9,1,0,0,1,0,0,1953.26794433594,7.57777094926933
"109","Dehejia-Wahba Sample",1,30,11,1,0,0,1,0,0,0,0
"110","Dehejia-Wahba Sample",1,26,10,1,0,1,1,2027.9990234375,0,0,0
"111","Dehejia-Wahba Sample",1,20,9,1,0,0,1,6083.994140625,0,8881.6650390625,9.09185690797166
"112","Dehejia-Wahba Sample",1,17,9,0,1,0,1,445.17041015625,74.3434524536133,6210.669921875,8.7341850472926
"113","Dehejia-Wahba Sample",1,20,12,1,0,0,0,989.267822265625,165.207702636719,0,0
"114","Dehejia-Wahba Sample",1,18,11,1,0,0,1,858.254272460938,214.563598632812,929.883911132812,6.83613457684151
"115","Dehejia-Wahba Sample",1,27,12,1,0,1,0,3670.8720703125,334.049285888672,0,0
"116","Dehejia-Wahba Sample",1,21,12,0,0,0,0,3670.8720703125,334.049407958984,12558.01953125,9.43819437417656
"117","Dehejia-Wahba Sample",1,27,12,1,0,0,0,2143.4130859375,357.949890136719,22163.25,10.0062359094761
"118","Dehejia-Wahba Sample",1,20,12,1,0,0,0,0,377.568603515625,1652.63696289062,7.41073236109949
"119","Dehejia-Wahba Sample",1,19,10,1,0,0,1,0,385.274108886719,8124.71484375,9.00278898409709
"120","Dehejia-Wahba Sample",1,23,12,1,0,0,0,5506.30810546875,501.074096679688,671.331787109375,6.51075194949572
"121","Dehejia-Wahba Sample",1,29,14,1,0,0,0,0,679.673400878906,17814.98046875,9.78785111266078
"122","Dehejia-Wahba Sample",1,18,10,1,0,0,1,0,798.907897949219,9737.154296875,9.18380688143895
"123","Dehejia-Wahba Sample",1,19,9,1,0,0,1,0,798.907897949219,17685.1796875,9.78053880495628
"124","Dehejia-Wahba Sample",1,27,13,0,0,1,0,9381.56640625,853.722473144531,0,0
"125","Dehejia-Wahba Sample",1,18,11,0,0,0,1,3678.23095703125,919.557922363281,4321.705078125,8.37163666076398
"126","Dehejia-Wahba Sample",1,27,9,1,0,1,1,0,934.445373535156,1773.42297363281,7.48123056378055
"127","Dehejia-Wahba Sample",1,22,12,1,0,0,0,5605.85205078125,936.177307128906,0,0
"128","Dehejia-Wahba Sample",1,23,10,1,0,1,1,0,936.438598632812,11233.259765625,9.3267232959891
"129","Dehejia-Wahba Sample",1,23,12,0,1,0,0,9385.740234375,1117.43896484375,559.443176269531,6.32872785694385
"130","Dehejia-Wahba Sample",1,20,11,1,0,0,1,3637.498046875,1220.83605957031,1085.43994140625,6.99066152104601
"131","Dehejia-Wahba Sample",1,17,9,1,0,0,1,1716.50903320312,1253.43896484375,5445.2001953125,8.6026734326228
"132","Dehejia-Wahba Sample",1,28,11,1,0,0,1,0,1284.07897949219,60307.9296875,11.0072354594379
"133","Dehejia-Wahba Sample",1,26,11,1,0,1,1,0,1392.85302734375,1460.35998535156,7.28712277794459
"134","Dehejia-Wahba Sample",1,20,11,1,0,0,1,16318.6201171875,1484.99401855469,6943.341796875,8.84568247702903
"135","Dehejia-Wahba Sample",1,24,11,1,0,1,1,824.388610839844,1666.11303710938,4032.7080078125,8.30244133310126
"136","Dehejia-Wahba Sample",1,31,9,1,0,0,1,0,1698.60705566406,10363.26953125,9.24611954783265
"137","Dehejia-Wahba Sample",1,23,8,0,0,1,1,0,1713.15002441406,4232.30908203125,8.35073925510813
"138","Dehejia-Wahba Sample",1,18,10,1,0,0,1,2143.41088867188,1784.27404785156,11141.3896484375,9.31851200110889
"139","Dehejia-Wahba Sample",1,29,12,1,0,0,0,10881.9404296875,1817.28405761719,0,0
"140","Dehejia-Wahba Sample",1,26,11,0,0,0,1,0,2226.26611328125,13385.8603515625,9.50202893408605
"141","Dehejia-Wahba Sample",1,24,9,1,0,0,1,9154.7001953125,2288.67504882812,4849.55908203125,8.48684925193354
"142","Dehejia-Wahba Sample",1,25,12,1,0,0,0,14426.7900390625,2409.27392578125,0,0
"143","Dehejia-Wahba Sample",1,24,10,1,0,0,1,4250.40185546875,2421.94702148438,1660.50805664062,7.41548093679922
"144","Dehejia-Wahba Sample",1,46,8,1,0,0,1,3165.65795898438,2594.72290039062,0,0
"145","Dehejia-Wahba Sample",1,31,12,0,0,0,0,0,2611.21801757812,2484.54907226562,7.8182488687579
"146","Dehejia-Wahba Sample",1,19,11,1,0,0,1,2305.02587890625,2615.27587890625,4146.60302734375,8.33028586258639
"147","Dehejia-Wahba Sample",1,19,8,1,0,0,1,0,2657.05688476562,9970.6806640625,9.20750442087182
"148","Dehejia-Wahba Sample",1,27,11,1,0,0,1,2206.93994140625,2666.27392578125,0,0
"149","Dehejia-Wahba Sample",1,26,11,1,0,1,1,0,2754.64599609375,26372.279296875,10.1801066287212
"150","Dehejia-Wahba Sample",1,20,10,1,0,0,1,5005.73095703125,2777.35498046875,5615.18896484375,8.63340859272572
"151","Dehejia-Wahba Sample",1,28,10,1,0,0,1,0,2836.50610351562,3196.57104492188,8.07014675210276
"152","Dehejia-Wahba Sample",1,24,12,1,0,0,0,13765.75,2842.76391601562,6167.68115234375,8.72724034240522
"153","Dehejia-Wahba Sample",1,19,8,1,0,0,1,2636.35302734375,2937.26391601562,7535.94189453125,8.92757179445078
"154","Dehejia-Wahba Sample",1,23,12,1,0,0,0,6269.3408203125,3039.9599609375,8484.2392578125,9.04608337500943
"155","Dehejia-Wahba Sample",1,42,9,1,0,1,1,0,3058.53100585938,1294.40905761719,7.16658179886362
"156","Dehejia-Wahba Sample",1,25,13,1,0,0,0,12362.9296875,3090.73193359375,0,0
"157","Dehejia-Wahba Sample",1,18,9,1,0,0,1,0,3287.375,5010.341796875,8.51945898194808
"158","Dehejia-Wahba Sample",1,21,12,1,0,0,0,6473.68310546875,3332.40893554688,9371.037109375,9.14548575922025
"159","Dehejia-Wahba Sample",1,27,10,1,0,0,1,1001.14599609375,3550.07495117188,0,0
"160","Dehejia-Wahba Sample",1,21,8,1,0,0,1,989.267822265625,3695.89697265625,4279.61279296875,8.36185145425443
"161","Dehejia-Wahba Sample",1,22,9,1,0,0,1,2192.876953125,3836.98608398438,3462.56396484375,8.15005338555941
"162","Dehejia-Wahba Sample",1,31,4,1,0,0,1,8517.5888671875,4023.2109375,7382.548828125,8.90700967303275
"163","Dehejia-Wahba Sample",1,24,10,1,0,1,1,11703.2001953125,4078.15209960938,0,0
"164","Dehejia-Wahba Sample",1,29,10,1,0,0,1,0,4398.9501953125,0,0
"165","Dehejia-Wahba Sample",1,29,12,1,0,0,0,9748.38671875,4878.93701171875,10976.509765625,9.30360389203921
"166","Dehejia-Wahba Sample",1,19,10,0,0,0,1,0,5324.10888671875,13829.6201171875,9.53464026220655
"167","Dehejia-Wahba Sample",1,19,11,0,1,1,1,5424.48486328125,5463.80322265625,6788.462890625,8.8231271144232
"168","Dehejia-Wahba Sample",1,31,9,1,0,0,1,10717.0302734375,5517.8408203125,9558.5009765625,9.16529080557869
"169","Dehejia-Wahba Sample",1,22,10,1,0,1,1,1468.34802246094,5588.6640625,13228.2802734375,9.49018785452849
"170","Dehejia-Wahba Sample",1,21,9,1,0,0,1,6416.47021484375,5749.3310546875,743.666625976562,6.612936636319
"171","Dehejia-Wahba Sample",1,17,10,1,0,0,1,1291.46801757812,5793.85205078125,5522.7880859375,8.61681915136347
"172","Dehejia-Wahba Sample",1,26,12,1,0,1,0,8408.76171875,5794.8310546875,1424.94396972656,7.26258930828544
"173","Dehejia-Wahba Sample",1,20,9,0,1,0,1,12260.7802734375,5875.048828125,1358.64294433594,7.21497740333074
"174","Dehejia-Wahba Sample",1,19,10,1,0,0,1,4121.94921875,6056.75390625,0,0
"175","Dehejia-Wahba Sample",1,26,10,1,0,0,1,25929.6796875,6788.9580078125,672.877319335938,6.51304807555547
"176","Dehejia-Wahba Sample",1,28,11,1,0,0,1,1929.02905273438,6871.85595703125,0,0
"177","Dehejia-Wahba Sample",1,22,12,0,1,1,0,492.230499267578,7055.7021484375,10092.830078125,9.21967963281013
"178","Dehejia-Wahba Sample",1,33,11,1,0,0,1,0,7867.916015625,6281.43310546875,8.74551262160439
"179","Dehejia-Wahba Sample",1,22,12,0,0,0,0,6759.994140625,8455.50390625,12590.7099609375,9.44079393679419
"180","Dehejia-Wahba Sample",1,29,10,0,1,0,1,0,8853.673828125,5112.01416015625,8.53954436451803
"181","Dehejia-Wahba Sample",1,33,12,1,0,1,0,20279.94921875,10941.349609375,15952.599609375,9.67743976358946
"182","Dehejia-Wahba Sample",1,25,14,1,0,1,0,35040.0703125,11536.5703125,36646.94921875,10.509112749917
"183","Dehejia-Wahba Sample",1,35,9,1,0,1,1,13602.4296875,13830.6396484375,12803.9697265625,9.45758863444204
"184","Dehejia-Wahba Sample",1,35,8,1,0,1,1,13732.0703125,17976.150390625,3786.6279296875,8.23949522606238
"185","Dehejia-Wahba Sample",1,33,11,1,0,1,1,14660.7099609375,25142.240234375,4181.94189453125,8.33877008048539
"186","Dehejia-Wahba Sample",0,23,10,1,0,0,1,0,0,0,0
"187","Dehejia-Wahba Sample",0,26,12,0,0,0,0,0,0,12383.6796875,9.42421547864997
"188","Dehejia-Wahba Sample",0,22,9,1,0,0,1,0,0,0,0
"189","Dehejia-Wahba Sample",0,18,9,1,0,0,1,0,0,10740.080078125,9.28183092893987
"190","Dehejia-Wahba Sample",0,45,11,1,0,0,1,0,0,11796.4697265625,9.37564035750804
"191","Dehejia-Wahba Sample",0,18,9,1,0,0,1,0,0,9227.0517578125,9.1300032280569
"192","Dehejia-Wahba Sample",0,24,8,0,0,0,1,0,0,10569.26953125,9.2658005781844
"193","Dehejia-Wahba Sample",0,34,11,1,0,1,1,0,0,6040.3349609375,8.7063802865303
"194","Dehejia-Wahba Sample",0,24,4,0,1,0,1,0,0,3880.8330078125,8.26406274575385
"195","Dehejia-Wahba Sample",0,36,10,1,0,0,1,0,0,0,0
"196","Dehejia-Wahba Sample",0,21,14,1,0,0,0,0,0,5775.06201171875,8.66147741661592
"197","Dehejia-Wahba Sample",0,28,9,1,0,0,1,0,0,0,0
"198","Dehejia-Wahba Sample",0,27,7,1,0,1,1,0,0,0,0
"199","Dehejia-Wahba Sample",0,19,11,0,0,0,1,0,0,0,0
"200","Dehejia-Wahba Sample",0,20,8,1,0,0,1,0,0,0,0
"201","Dehejia-Wahba Sample",0,34,12,1,0,0,0,0,0,2113.72192382812,7.65667860474093
"202","Dehejia-Wahba Sample",0,24,10,1,0,0,1,0,0,7618.63916015625,8.93848429324924
"203","Dehejia-Wahba Sample",0,22,8,0,1,0,1,0,0,9920.9453125,9.20250428110422
"204","Dehejia-Wahba Sample",0,25,11,1,0,0,1,0,0,4196.375,8.34221460887754
"205","Dehejia-Wahba Sample",0,39,9,1,0,0,1,0,0,0,0
"206","Dehejia-Wahba Sample",0,19,9,1,0,1,1,0,0,16658.25,9.72072089670029
"207","Dehejia-Wahba Sample",0,44,9,1,0,0,1,0,0,9722.0029296875,9.18224979312479
"208","Dehejia-Wahba Sample",0,27,8,1,0,0,1,0,0,3783.65991210938,8.2387113103444
"209","Dehejia-Wahba Sample",0,25,8,1,0,0,1,0,0,3515.92895507812,8.16534343183723
"210","Dehejia-Wahba Sample",0,31,10,1,0,0,1,0,0,17014.58984375,9.74188525243759
"211","Dehejia-Wahba Sample",0,34,10,1,0,1,1,0,0,0,0
"212","Dehejia-Wahba Sample",0,21,7,0,1,0,1,0,0,0,0
"213","Dehejia-Wahba Sample",0,33,12,1,0,0,0,0,0,5970.2568359375,8.69471270951197
"214","Dehejia-Wahba Sample",0,18,10,0,1,0,1,0,0,1859.1669921875,7.52842154342316
"215","Dehejia-Wahba Sample",0,26,12,1,0,1,0,0,0,6191.94287109375,8.73116567614075
"216","Dehejia-Wahba Sample",0,31,12,1,0,0,0,0,0,7284.39404296875,8.89362680679846
"217","Dehejia-Wahba Sample",0,35,10,1,0,0,1,0,0,445.830902099609,6.10218022796276
"218","Dehejia-Wahba Sample",0,20,12,1,0,0,0,0,0,0,0
"219","Dehejia-Wahba Sample",0,25,11,1,0,0,1,0,0,0,0
"220","Dehejia-Wahba Sample",0,25,10,1,0,0,1,0,0,7367.0400390625,8.90490701210367
"221","Dehejia-Wahba Sample",0,35,11,1,0,0,1,0,0,0,0
"222","Dehejia-Wahba Sample",0,20,10,1,0,0,1,0,0,2015.50305175781,7.60912012770569
"223","Dehejia-Wahba Sample",0,25,9,0,1,0,1,0,0,15791.1298828125,9.66726698623496
"224","Dehejia-Wahba Sample",0,27,10,1,0,0,1,0,0,1135.46997070312,7.03568222033298
"225","Dehejia-Wahba Sample",0,20,11,0,1,0,1,0,0,6378.72021484375,8.76087952190448
"226","Dehejia-Wahba Sample",0,26,11,1,0,0,1,0,0,7176.18701171875,8.87866280417834
"227","Dehejia-Wahba Sample",0,38,8,1,0,0,1,0,0,0,0
"228","Dehejia-Wahba Sample",0,34,10,1,0,0,1,0,0,7952.5400390625,8.98137239646952
"229","Dehejia-Wahba Sample",0,19,12,1,0,0,0,0,0,0,0
"230","Dehejia-Wahba Sample",0,32,8,1,0,0,1,0,0,7152.1318359375,8.87530555879797
"231","Dehejia-Wahba Sample",0,20,9,0,1,0,1,0,0,8329.8232421875,9.0277175588716
"232","Dehejia-Wahba Sample",0,23,10,1,0,0,1,0,0,0,0
"233","Dehejia-Wahba Sample",0,38,10,1,0,0,1,0,0,12429.91015625,9.42794140437038
"234","Dehejia-Wahba Sample",0,24,11,1,0,0,1,0,0,0,0
"235","Dehejia-Wahba Sample",0,23,11,1,0,0,1,0,0,5088.759765625,8.53498591110756
"236","Dehejia-Wahba Sample",0,20,7,0,1,0,1,0,0,4374.0400390625,8.38367095053555
"237","Dehejia-Wahba Sample",0,21,11,1,0,0,1,0,0,1553.291015625,7.34877478213695
"238","Dehejia-Wahba Sample",0,25,10,1,0,0,1,0,0,0,0
"239","Dehejia-Wahba Sample",0,22,11,1,0,1,1,0,0,1698.30395507812,7.43797400801227
"240","Dehejia-Wahba Sample",0,23,11,1,0,0,1,0,0,0,0
"241","Dehejia-Wahba Sample",0,24,12,0,0,0,0,0,0,11294.6298828125,9.33217119386447
"242","Dehejia-Wahba Sample",0,29,11,1,0,0,1,0,0,0,0
"243","Dehejia-Wahba Sample",0,24,11,1,0,0,1,0,0,14626.3896484375,9.59065105351754
"244","Dehejia-Wahba Sample",0,22,9,1,0,0,1,0,0,12898.3798828125,9.46493451809451
"245","Dehejia-Wahba Sample",0,28,11,1,0,0,1,0,0,5767.1328125,8.66010370444519
"246","Dehejia-Wahba Sample",0,18,10,0,1,0,1,0,0,6527.9189453125,8.7839966565457
"247","Dehejia-Wahba Sample",0,26,10,1,0,0,1,0,0,3931.23803710938,8.27696401786535
"248","Dehejia-Wahba Sample",0,25,10,1,0,0,1,0,0,20942.240234375,9.94957121144007
"249","Dehejia-Wahba Sample",0,24,10,1,0,0,1,0,0,0,0
"250","Dehejia-Wahba Sample",0,26,5,1,0,0,1,0,0,0,0
"251","Dehejia-Wahba Sample",0,36,10,1,0,0,1,0,0,14690.349609375,9.59501413760786
"252","Dehejia-Wahba Sample",0,22,11,1,0,0,1,0,0,0,0
"253","Dehejia-Wahba Sample",0,25,12,1,0,0,0,0,0,3418.09692382812,8.13713173782717
"254","Dehejia-Wahba Sample",0,27,11,1,0,0,1,0,0,11197.33984375,9.32352081805969
"255","Dehejia-Wahba Sample",0,29,8,1,0,0,1,0,0,0,0
"256","Dehejia-Wahba Sample",0,24,12,1,0,0,0,0,0,0,0
"257","Dehejia-Wahba Sample",0,22,10,1,0,0,1,0,0,0,0
"258","Dehejia-Wahba Sample",0,24,7,1,0,0,1,0,0,1455.68994140625,7.28392197737597
"259","Dehejia-Wahba Sample",0,29,12,1,0,0,0,0,0,1890.93701171875,7.54535645715423
"260","Dehejia-Wahba Sample",0,25,11,0,1,1,1,0,0,4485.6162109375,8.40885406876251
"261","Dehejia-Wahba Sample",0,30,12,1,0,0,0,0,0,13613.349609375,9.51887963381443
"262","Dehejia-Wahba Sample",0,22,8,1,0,0,1,0,0,1390.50903320312,7.23814407264673
"263","Dehejia-Wahba Sample",0,55,3,1,0,0,1,0,0,5843.7958984375,8.6733069542952
"264","Dehejia-Wahba Sample",0,20,10,1,0,0,1,0,0,8598.5224609375,9.05946195290191
"265","Dehejia-Wahba Sample",0,34,11,1,0,0,1,0,0,2920.19897460938,7.97974941872897
"266","Dehejia-Wahba Sample",0,22,12,1,0,0,0,0,0,0,0
"267","Dehejia-Wahba Sample",0,32,12,0,1,1,0,0,0,6735.31982421875,8.81526903463748
"268","Dehejia-Wahba Sample",0,31,10,1,0,0,1,0,0,0,0
"269","Dehejia-Wahba Sample",0,18,9,1,0,0,1,0,0,0,0
"270","Dehejia-Wahba Sample",0,50,10,0,1,0,1,0,0,0,0
"271","Dehejia-Wahba Sample",0,25,11,1,0,1,1,0,0,44.7554588317871,3.8233111033312
"272","Dehejia-Wahba Sample",0,23,10,1,0,1,1,0,0,0,0
"273","Dehejia-Wahba Sample",0,38,10,1,0,0,1,0,0,0,0
"274","Dehejia-Wahba Sample",0,25,10,1,0,1,1,0,0,3701.81201171875,8.21684781314338
"275","Dehejia-Wahba Sample",0,42,10,1,0,0,1,0,0,6930.3359375,8.84380784957907
"276","Dehejia-Wahba Sample",0,39,12,1,0,1,0,0,0,3795.79907226562,8.24191364133508
"277","Dehejia-Wahba Sample",0,34,13,1,0,1,0,0,0,5193.2470703125,8.55530695949961
"278","Dehejia-Wahba Sample",0,24,7,1,0,0,1,0,0,2193.52807617188,7.69372230292746
"279","Dehejia-Wahba Sample",0,32,11,1,0,0,1,0,0,11120.5302734375,9.31663817285433
"280","Dehejia-Wahba Sample",0,27,13,1,0,0,0,0,0,7609.51806640625,8.93728652559592
"281","Dehejia-Wahba Sample",0,26,10,1,0,0,1,0,0,2169.02709960938,7.68249493475578
"282","Dehejia-Wahba Sample",0,44,11,1,0,0,1,0,0,0,0
"283","Dehejia-Wahba Sample",0,25,11,1,0,0,1,0,0,1264.23205566406,7.14301082755067
"284","Dehejia-Wahba Sample",0,25,12,1,0,0,0,0,0,0,0
"285","Dehejia-Wahba Sample",0,28,12,1,0,1,0,0,0,0,0
"286","Dehejia-Wahba Sample",0,32,10,1,0,0,1,0,0,0,0
"287","Dehejia-Wahba Sample",0,22,10,1,0,0,1,0,0,0,0
"288","Dehejia-Wahba Sample",0,19,9,1,0,0,1,0,0,5712.64306640625,8.65061211433737
"289","Dehejia-Wahba Sample",0,31,10,1,0,1,1,0,0,0,0
"290","Dehejia-Wahba Sample",0,23,11,1,0,0,1,0,0,0,0
"291","Dehejia-Wahba Sample",0,33,11,1,0,0,1,0,0,0,0
"292","Dehejia-Wahba Sample",0,27,10,1,0,0,1,0,0,1184.88195800781,7.07824204509991
"293","Dehejia-Wahba Sample",0,29,11,1,0,1,1,0,0,10225.8798828125,9.23277481563217
"294","Dehejia-Wahba Sample",0,23,10,1,0,0,1,0,0,0,0
"295","Dehejia-Wahba Sample",0,25,9,1,0,1,1,0,0,4715.37109375,8.45879494680366
"296","Dehejia-Wahba Sample",0,25,10,1,0,0,1,0,0,289.789886474609,5.6726009667692
"297","Dehejia-Wahba Sample",0,24,10,1,0,0,1,0,0,0,0
"298","Dehejia-Wahba Sample",0,28,8,0,0,0,1,0,0,8190.4208984375,9.01084265367185
"299","Dehejia-Wahba Sample",0,26,6,1,0,0,1,0,0,4813.0498046875,8.47929396409081
"300","Dehejia-Wahba Sample",0,30,14,1,0,1,0,0,0,7344.67822265625,8.90186742235138
"301","Dehejia-Wahba Sample",0,25,10,1,0,1,1,0,0,0,0
"302","Dehejia-Wahba Sample",0,29,11,1,0,1,1,0,0,0,0
"303","Dehejia-Wahba Sample",0,25,12,1,0,1,0,0,0,0,0
"304","Dehejia-Wahba Sample",0,28,13,1,0,0,0,0,0,0,0
"305","Dehejia-Wahba Sample",0,23,11,1,0,0,1,0,0,4350.9072265625,8.37836947088266
"306","Dehejia-Wahba Sample",0,54,11,1,0,0,1,0,0,7812.52197265625,8.96361109798945
"307","Dehejia-Wahba Sample",0,33,5,0,1,0,1,0,0,0,0
"308","Dehejia-Wahba Sample",0,20,8,1,0,0,1,0,0,3644.65502929688,8.20129133455181
"309","Dehejia-Wahba Sample",0,45,9,1,0,0,1,0,0,4844.80322265625,8.48586829441423
"310","Dehejia-Wahba Sample",0,39,6,1,0,0,1,0,0,0,0
"311","Dehejia-Wahba Sample",0,26,12,1,0,0,0,0,0,0,0
"312","Dehejia-Wahba Sample",0,23,10,1,0,0,1,0,0,0,0
"313","Dehejia-Wahba Sample",0,27,12,0,0,0,0,0,0,14792.900390625,9.60197023903234
"314","Dehejia-Wahba Sample",0,33,9,0,1,1,1,0,0,0,0
"315","Dehejia-Wahba Sample",0,25,10,1,0,1,1,0,0,0,0
"316","Dehejia-Wahba Sample",0,23,8,1,0,0,1,0,0,3746.70092773438,8.22889784501292
"317","Dehejia-Wahba Sample",0,18,8,1,0,0,1,0,0,1568.15002441406,7.35828936601666
"318","Dehejia-Wahba Sample",0,17,8,1,0,0,1,0,0,7010.44384765625,8.85529892852824
"319","Dehejia-Wahba Sample",0,19,9,0,1,0,1,0,0,3811.68310546875,8.24608844742631
"320","Dehejia-Wahba Sample",0,18,8,0,1,0,1,0,0,10798.5595703125,9.28726063175414
"321","Dehejia-Wahba Sample",0,18,11,1,0,0,1,0,0,4657.27294921875,8.44640004667055
"322","Dehejia-Wahba Sample",0,17,11,1,0,0,1,0,0,8551.533203125,9.05398279911549
"323","Dehejia-Wahba Sample",0,19,10,1,0,0,1,0,0,4309.8779296875,8.36889685833776
"324","Dehejia-Wahba Sample",0,19,10,1,0,0,1,0,0,5286.39599609375,8.57308115339158
"325","Dehejia-Wahba Sample",0,18,9,1,0,0,1,0,0,12486.169921875,9.43245698992478
"326","Dehejia-Wahba Sample",0,18,9,1,0,0,1,0,0,10877.349609375,9.294529818589
"327","Dehejia-Wahba Sample",0,18,10,1,0,0,1,0,0,202.284698486328,5.31460745211713
"328","Dehejia-Wahba Sample",0,17,10,1,0,0,1,0,0,2657.705078125,7.88559447050899
"329","Dehejia-Wahba Sample",0,18,7,1,0,0,1,0,0,4132.5771484375,8.32689844871052
"330","Dehejia-Wahba Sample",0,18,11,1,0,0,1,0,0,11303.1396484375,9.3329242781838
"331","Dehejia-Wahba Sample",0,19,10,0,1,0,1,0,0,0,0
"332","Dehejia-Wahba Sample",0,18,9,1,0,0,1,0,0,0,0
"333","Dehejia-Wahba Sample",0,17,10,1,0,0,1,0,0,0,0
"334","Dehejia-Wahba Sample",0,17,10,1,0,0,1,0,0,2189.42602539062,7.69185133603346
"335","Dehejia-Wahba Sample",0,19,11,1,0,0,1,0,0,0,0
"336","Dehejia-Wahba Sample",0,17,8,0,0,0,1,0,0,10210.990234375,9.23131782207175
"337","Dehejia-Wahba Sample",0,18,10,1,0,0,1,0,0,11048.080078125,9.31010245263194
"338","Dehejia-Wahba Sample",0,18,9,1,0,0,1,0,0,0,0
"339","Dehejia-Wahba Sample",0,17,8,1,0,0,1,0,0,8993.865234375,9.10440916399057
"340","Dehejia-Wahba Sample",0,19,6,0,1,0,1,0,0,5071.80078125,8.53164836639346
"341","Dehejia-Wahba Sample",0,19,10,0,0,0,1,0,0,3194.01000976562,8.06934549975371
"342","Dehejia-Wahba Sample",0,17,11,0,0,0,1,0,0,0,0
"343","Dehejia-Wahba Sample",0,20,9,1,0,0,1,0,0,5193.0888671875,8.55527650166191
"344","Dehejia-Wahba Sample",0,17,9,1,0,0,1,0,0,0,0
"345","Dehejia-Wahba Sample",0,17,10,1,0,0,1,0,0,275.566101074219,5.62244985595081
"346","Dehejia-Wahba Sample",0,17,9,1,0,0,1,0,0,3590.70190429688,8.18638143719684
"347","Dehejia-Wahba Sample",0,19,11,1,0,0,1,0,0,0,0
"348","Dehejia-Wahba Sample",0,19,10,1,0,1,1,0,0,12797.669921875,9.45709653215493
"349","Dehejia-Wahba Sample",0,20,9,1,0,0,1,0,0,2035.91394042969,7.61919116714075
"350","Dehejia-Wahba Sample",0,18,9,1,0,0,1,0,0,2389.67895507812,7.77933268620466
"351","Dehejia-Wahba Sample",0,18,11,1,0,0,1,0,0,0,0
"352","Dehejia-Wahba Sample",0,17,10,0,1,0,1,0,0,8469.275390625,9.04431830076866
"353","Dehejia-Wahba Sample",0,19,11,1,0,0,1,0,0,0,0
"354","Dehejia-Wahba Sample",0,17,10,1,0,0,1,0,0,1143.38696289062,7.04262436901969
"355","Dehejia-Wahba Sample",0,17,9,0,1,0,1,0,0,5114.81396484375,8.54009179863721
"356","Dehejia-Wahba Sample",0,18,10,1,0,0,1,0,0,781.224304199219,6.66214153343065
"357","Dehejia-Wahba Sample",0,21,9,1,0,0,1,591.499084472656,0,3343.22412109375,8.11498999381691
"358","Dehejia-Wahba Sample",0,18,10,1,0,0,1,1563.2490234375,0,9602.439453125,9.16987658965746
"359","Dehejia-Wahba Sample",0,19,11,1,0,0,1,1626.623046875,0,0,0
"360","Dehejia-Wahba Sample",0,24,9,1,0,0,1,2788.498046875,0,16461.5703125,9.70884461711303
"361","Dehejia-Wahba Sample",0,28,11,0,1,1,1,3472.94799804688,0,6771.6220703125,8.82064359820619
"362","Dehejia-Wahba Sample",0,25,11,1,0,0,1,5281.2451171875,0,0,0
"363","Dehejia-Wahba Sample",0,21,7,1,0,0,1,33799.94921875,0,11011.5703125,9.30679265501406
"364","Dehejia-Wahba Sample",0,39,11,1,0,0,1,0,83.6896362304688,0,0
"365","Dehejia-Wahba Sample",0,36,12,1,0,0,0,0,142.39729309082,0,0
"366","Dehejia-Wahba Sample",0,24,12,1,0,0,0,0,159.884704589844,0,0
"367","Dehejia-Wahba Sample",0,17,11,1,0,0,1,989.267822265625,165.207702636719,4251.126953125,8.35517459628917
"368","Dehejia-Wahba Sample",0,18,10,1,0,0,1,960.426818847656,240.106704711914,2891.66796875,7.9699345278226
"369","Dehejia-Wahba Sample",0,18,10,1,0,0,1,0,273.552490234375,5514.365234375,8.61529315512941
"370","Dehejia-Wahba Sample",0,28,10,1,0,0,1,1471.29296875,367.823394775391,4858.89501953125,8.48877211574174
"371","Dehejia-Wahba Sample",0,27,13,0,0,0,0,5214.30615234375,474.501800537109,4812.576171875,8.47919557372666
"372","Dehejia-Wahba Sample",0,31,12,0,0,0,0,0,494.643005371094,0,0
"373","Dehejia-Wahba Sample",0,22,9,1,0,0,1,0,506.407592773438,604.19873046875,6.4055568842067
"374","Dehejia-Wahba Sample",0,31,10,1,0,0,1,0,520.4462890625,14527.8798828125,9.58389366362802
"375","Dehejia-Wahba Sample",0,26,10,1,0,1,1,6140.3671875,558.773376464844,0,0
"376","Dehejia-Wahba Sample",0,18,9,0,0,0,1,0,559.596008300781,7300.498046875,8.89583481798408
"377","Dehejia-Wahba Sample",0,23,11,1,0,0,1,6382.30908203125,580.790100097656,0,0
"378","Dehejia-Wahba Sample",0,20,12,1,0,0,0,0,591.815124511719,4159.9189453125,8.33349122917593
"379","Dehejia-Wahba Sample",0,19,10,1,0,0,1,0,604.153869628906,0,0
"380","Dehejia-Wahba Sample",0,18,11,1,0,0,1,1064.69897460938,645.272277832031,5497.5908203125,8.61224712390339
"381","Dehejia-Wahba Sample",0,17,10,1,0,0,1,0,664.568969726562,0,0
"382","Dehejia-Wahba Sample",0,27,12,1,0,1,0,0,752.390075683594,0,0
"383","Dehejia-Wahba Sample",0,27,11,1,0,0,1,3065.19409179688,766.298583984375,0,0
"384","Dehejia-Wahba Sample",0,28,12,0,0,0,0,0,803.343017578125,16477.01953125,9.70978262216734
"385","Dehejia-Wahba Sample",0,28,11,1,0,0,1,2431.94897460938,863.4794921875,0,0
"386","Dehejia-Wahba Sample",0,21,10,1,0,0,1,6661.06298828125,1162.36206054688,39483.53125,10.5836642602644
"387","Dehejia-Wahba Sample",0,17,10,0,1,0,1,4905.119140625,1168.90197753906,11306.26953125,9.33320111920752
"388","Dehejia-Wahba Sample",0,26,11,1,0,0,1,4699.962890625,1174.99096679688,6672.02099609375,8.80582795932362
"389","Dehejia-Wahba Sample",0,29,9,1,0,0,1,0,1203.82397460938,9378.6533203125,9.1462980818623
"390","Dehejia-Wahba Sample",0,17,10,0,1,0,1,1203.60900878906,1239.62805175781,5088.98583984375,8.53503032758466
"391","Dehejia-Wahba Sample",0,22,11,1,0,0,1,7914.130859375,1321.66003417969,2639.2900390625,7.87864405338708
"392","Dehejia-Wahba Sample",0,24,11,1,0,0,1,0,1327.99304199219,9495.90234375,9.1587209553376
"393","Dehejia-Wahba Sample",0,20,12,1,0,0,0,557.698791503906,1371.47302246094,20893.109375,9.94722255014014
"394","Dehejia-Wahba Sample",0,18,12,1,0,0,0,0,1405.51196289062,0,0
"395","Dehejia-Wahba Sample",0,24,11,0,0,0,1,2669.72509765625,1468.38305664062,10361.6904296875,9.24596717608411
"396","Dehejia-Wahba Sample",0,21,9,0,0,0,1,2988.412109375,1577.1669921875,1740.19897460938,7.46232922077915
"397","Dehejia-Wahba Sample",0,30,8,1,0,0,1,0,1706.65698242188,0,0
"398","Dehejia-Wahba Sample",0,31,11,1,0,0,1,17711.880859375,1726.44494628906,0,0
"399","Dehejia-Wahba Sample",0,17,10,0,1,0,1,1442.68103027344,1734.55895996094,6354.19384765625,8.75702768633006
"400","Dehejia-Wahba Sample",0,19,9,1,0,0,1,8409.626953125,1778.08898925781,7171,8.87793983472502
"401","Dehejia-Wahba Sample",0,23,11,1,0,0,1,0,1896.02294921875,5573.546875,8.62596631499818
"402","Dehejia-Wahba Sample",0,22,12,1,0,0,0,4380.01708984375,2003.68005371094,439.688110351562,6.08833739247688
"403","Dehejia-Wahba Sample",0,29,12,1,0,0,0,22859.439453125,2080.208984375,16969.94921875,9.73925829177003
"404","Dehejia-Wahba Sample",0,22,10,1,0,0,1,0,2174.955078125,5344.02099609375,8.58392075162613
"405","Dehejia-Wahba Sample",0,29,13,1,0,0,0,718.249206542969,2265.5791015625,2725.32202148438,7.91070873495117
"406","Dehejia-Wahba Sample",0,19,11,1,0,0,1,721.340576171875,2445.58911132812,9772.283203125,9.18740773803471
"407","Dehejia-Wahba Sample",0,17,9,1,0,0,1,0,2595.26708984375,0,0
"408","Dehejia-Wahba Sample",0,18,10,1,0,0,1,1716.50903320312,2682.125,0,0
"409","Dehejia-Wahba Sample",0,19,12,1,0,0,0,8417,2814.19506835938,1720.90698242188,7.45118766635208
"410","Dehejia-Wahba Sample",0,20,6,1,0,0,1,6006.87890625,2850.61010742188,0,0
"411","Dehejia-Wahba Sample",0,33,11,1,0,0,1,10523.830078125,2899.82006835938,18859.890625,9.84484577803112
"412","Dehejia-Wahba Sample",0,36,11,0,1,0,1,5443.73388671875,3063.8779296875,1324.5419921875,7.18957670548944
"413","Dehejia-Wahba Sample",0,25,11,1,0,0,1,15209.990234375,3072.72607421875,284.658386230469,5.6547966431518
"414","Dehejia-Wahba Sample",0,19,11,1,0,0,1,3504.01391601562,3285.67993164062,11195.9296875,9.32339488465666
"415","Dehejia-Wahba Sample",0,23,8,1,0,0,1,7724.283203125,3403.05590820312,0,0
"416","Dehejia-Wahba Sample",0,17,11,1,0,0,1,4080.72998046875,3796.02905273438,0,0
"417","Dehejia-Wahba Sample",0,43,10,1,0,0,1,2502.86791992188,4128.44287109375,7565.27294921875,8.93145588030472
"418","Dehejia-Wahba Sample",0,26,11,1,0,1,1,0,4184.73193359375,0,0
"419","Dehejia-Wahba Sample",0,27,11,1,0,1,1,0,4491.8837890625,0,0
"420","Dehejia-Wahba Sample",0,19,11,1,0,0,1,6337.4921875,4503.06396484375,0,0
"421","Dehejia-Wahba Sample",0,28,11,1,0,1,1,8593.1630859375,5393.89501953125,4974.5859375,8.51229841903951
"422","Dehejia-Wahba Sample",0,28,12,1,0,1,0,10585.1298828125,5551.4560546875,12780.01953125,9.4557165002778
"423","Dehejia-Wahba Sample",0,26,8,1,0,0,1,1126.2900390625,5562.59814453125,3523.57788085938,8.16751595796494
"424","Dehejia-Wahba Sample",0,31,12,1,0,0,0,0,5613.9091796875,0,0
"425","Dehejia-Wahba Sample",0,23,11,1,0,0,1,7617.36181640625,5716.4072265625,10274.83984375,9.23755077264219
"426","Dehejia-Wahba Sample",0,20,12,1,0,0,0,7182.4921875,6004.72802734375,4779.72021484375,8.47234648669698
"427","Dehejia-Wahba Sample",0,28,10,1,0,1,1,8293.3447265625,6449.47998046875,16988.1796875,9.74033193142267
"428","Dehejia-Wahba Sample",0,39,12,1,0,1,0,19785.3203125,6608.13720703125,499.257202148438,6.21512237045853
"429","Dehejia-Wahba Sample",0,21,8,1,0,0,1,39570.6796875,6608.30419921875,3083.5810546875,8.03417112636814
"430","Dehejia-Wahba Sample",0,22,11,1,0,0,1,8810.0673828125,6974.48388671875,3708.71899414062,8.21871140991361
"431","Dehejia-Wahba Sample",0,20,11,1,0,0,1,8009.1640625,7666.875,7659.2177734375,8.94379569228319
"432","Dehejia-Wahba Sample",0,21,11,0,1,0,1,2992.53393554688,8920.470703125,20857.83984375,9.945533110697
"433","Dehejia-Wahba Sample",0,23,12,0,1,0,0,5721.69580078125,8960.68359375,7078.17822265625,8.8649131097048
"434","Dehejia-Wahba Sample",0,29,9,1,0,0,1,9268.943359375,9160.693359375,0,0
"435","Dehejia-Wahba Sample",0,28,9,1,0,1,1,10222.41015625,9210.447265625,1239.84399414062,7.12354706750442
"436","Dehejia-Wahba Sample",0,30,11,1,0,1,1,0,9311.9384765625,3982.80102539062,8.28999167403123
"437","Dehejia-Wahba Sample",0,25,10,1,0,1,1,13519.9697265625,9319.4443359375,0,0
"438","Dehejia-Wahba Sample",0,28,11,1,0,1,1,824.388916015625,10033.91015625,0,0
"439","Dehejia-Wahba Sample",0,22,10,0,0,0,1,27864.359375,10598.669921875,7094.919921875,8.86727523895886
"440","Dehejia-Wahba Sample",0,44,9,1,0,1,1,12260.7802734375,10857.240234375,12359.3095703125,9.42224577683982
"441","Dehejia-Wahba Sample",0,21,9,1,0,0,1,31886.4296875,12357.2197265625,0,0
"442","Dehejia-Wahba Sample",0,28,11,1,0,0,1,17491.44921875,13371.25,0,0
"443","Dehejia-Wahba Sample",0,29,9,0,1,0,1,9594.3076171875,16341.16015625,16900.30078125,9.73514586725391
"444","Dehejia-Wahba Sample",0,25,9,1,0,1,1,24731.619140625,16946.630859375,7343.9638671875,8.90177016922045
"445","Dehejia-Wahba Sample",0,22,10,0,0,1,1,25720.919921875,23031.98046875,5448.80078125,8.6033343330901
